date,All postings,Software Development,IT Operations & Helpdesk,Mathematics,Information Design & Documentation,Scientific Research & Development,Electrical Engineering,Civil Engineering,Industrial Engineering,Architecture,Banking & Finance,Accounting,Insurance,Legal,Marketing,Media & Communications,Human Resources,Management,Project Management,Administrative Assistance,Customer Service,Sales,Retail,Arts & Entertainment,Education & Instruction,Nursing,Physicians & Surgeons,Therapy,Pharmacy,Dental,Medical Technician,Medical Information,Veterinary,Personal Care & Home Health,Community & Social Service,Childcare,Construction,Installation & Maintenance,Production & Manufacturing,Logistic Support,Loading & Stocking,Driving,Cleaning & Sanitation,Food Preparation & Service,Hospitality & Tourism,Security & Public Safety,Beauty & Wellness,Sports
2020-02-01,100.04862068965517,99.65137931034482,98.59413793103448,99.97241379310344,98.67724137931035,100.21068965517242,99.85172413793103,99.99827586206897,100.12275862068965,100.85620689655173,102.1851724137931,101.08068965517242,101.50379310344827,99.51137931034482,100.60413793103449,101.09896551724138,100.04068965517241,99.2748275862069,100.03689655172414,100.33827586206897,99.51620689655174,99.27586206896552,98.44827586206897,99.18655172413793,100.38310344827586,99.78689655172414,100.28344827586206,98.67655172413792,99.6048275862069,100.04862068965517,100.3096551724138,101.21448275862068,102.21172413793103,102.07241379310345,100.23034482758621,99.06931034482758,98.90620689655174,99.14241379310346,100.13758620689654,97.60655172413793,99.46413793103449,99.10827586206896,99.0496551724138,98.94448275862068,99.5893103448276,100.16931034482758,100.06172413793104,99.68689655172415
2020-03-01,94.51903225806453,98.2174193548387,94.29387096774194,96.48645161290322,94.43967741935484,99.53709677419356,95.5983870967742,96.84516129032258,97.18903225806451,95.38967741935484,101.90709677419355,94.6058064516129,99.09161290322581,93.46419354838709,93.68935483870968,94.49451612903225,93.67258064516129,93.03387096774195,97.47258064516129,92.55967741935484,92.4574193548387,94.52870967741936,94.21000000000001,92.70161290322581,95.85387096774194,98.73193548387097,101.88935483870968,89.79709677419355,101.47806451612904,90.01225806451613,97.90645161290323,98.6716129032258,97.00967741935484,101.0316129032258,96.25483870967743,90.08129032258064,94.62387096774194,91.36129032258064,95.73677419354838,89.42612903225806,93.17806451612903,93.0583870967742,90.96096774193548,88.55645161290323,82.12870967741935,95.16032258064516,94.94483870967741,94.22645161290322
2020-04-01,68.19766666666666,77.40966666666667,73.05,69.77666666666667,68.53999999999999,75.94533333333334,73.925,73.58766666666666,77.071,60.823,67.11,61.02733333333333,71.24266666666666,60.650333333333336,53.285333333333334,58.986,56.54533333333333,71.82666666666667,71.36200000000001,58.340333333333334,63.51133333333333,60.550666666666665,71.37633333333333,58.36533333333333,72.13733333333333,83.28066666666668,87.01233333333333,59.16466666666667,91.99233333333333,42.59433333333333,70.17933333333333,61.32566666666666,67.83533333333334,88.20533333333333,72.91466666666666,43.839000000000006,64.92,63.419666666666664,70.03366666666668,56.529666666666664,64.24366666666667,76.356,59.17833333333333,55.677,36.23800000000001,76.58500000000001,56.37466666666667,64.291
2020-05-01,62.89870967741936,66.54193548387097,66.33612903225807,57.5158064516129,56.74516129032258,64.03677419354838,66.5741935483871,67.22290322580645,67.4574193548387,53.331935483870964,56.15967741935484,60.149677419354845,66.30548387096773,51.645483870967745,44.70516129032258,51.012903225806454,44.78,65.67774193548387,61.2858064516129,53.88129032258065,57.50838709677419,50.84967741935483,63.395483870967745,49.58064516129032,63.8658064516129,75.84516129032258,77.87064516129031,51.53290322580645,78.65,47.20548387096774,59.90225806451613,50.8358064516129,68.80741935483871,86.34387096774194,64.53935483870968,38.61612903225806,67.94,61.49645161290322,66.43645161290323,50.78806451612903,63.94903225806452,82.55451612903227,59.91548387096775,56.30064516129032,31.450000000000003,75.01290322580645,56.61354838709677,49.307096774193546
2020-06-01,70.05166666666668,65.23966666666666,68.16633333333333,56.830000000000005,57.32633333333333,67.62633333333333,67.59433333333332,68.54199999999999,67.33733333333333,56.14366666666667,57.977999999999994,64.91433333333333,72.64699999999999,53.705333333333336,47.63966666666667,54.753,47.111999999999995,71.22733333333333,61.586,64.35533333333333,66.99766666666667,58.816,74.63666666666667,51.92933333333334,67.92866666666667,77.41499999999999,77.15733333333333,57.29666666666667,76.44066666666666,79.63566666666667,64.866,59.855333333333334,97.68133333333334,92.76833333333335,69.35466666666666,56.300666666666665,82.07166666666667,71.75866666666667,73.50433333333334,55.92433333333334,77.98933333333333,99.07933333333334,75.38166666666666,67.51866666666666,43.82033333333333,84.01700000000001,70.42566666666667,54.52133333333334
2020-07-01,78.2583870967742,67.33161290322582,71.86387096774193,60.385161290322586,60.69387096774194,75.48354838709676,69.9790322580645,74.21806451612902,70.78903225806452,59.43645161290323,65.65064516129033,69.5974193548387,83.85645161290323,60.55903225806451,53.12419354838709,59.69225806451613,54.90354838709678,76.37064516129031,65.0067741935484,73.49193548387096,76.84387096774194,69.36580645161291,85.98548387096774,56.512580645161286,72.48096774193547,85.6325806451613,79.7567741935484,63.299032258064514,81.02258064516128,97.21419354838709,77.62032258064517,74.62612903225806,112.4025806451613,104.30451612903227,77.19774193548388,67.5383870967742,93.37516129032258,81.43354838709678,82.89806451612904,64.0525806451613,94.37838709677419,105.86451612903227,90.54967741935484,76.3258064516129,54.05032258064516,96.27516129032259,80.92387096774193,58.24774193548387
2020-08-01,82.9558064516129,70.07032258064515,74.36354838709677,62.311290322580646,62.810322580645156,80.57096774193548,70.11516129032259,73.41774193548386,73.1841935483871,60.29387096774193,71.17129032258065,73.18677419354839,90.14709677419354,64.96193548387096,58.3058064516129,60.196129032258064,60.90516129032258,81.4758064516129,66.72645161290322,78.42096774193548,81.9041935483871,72.79225806451613,89.57225806451612,59.86677419354838,74.08903225806452,94.04032258064517,80.35387096774193,68.37967741935483,91.57161290322581,105.19774193548388,89.24354838709678,86.88967741935484,118.87870967741937,110.97806451612904,80.96225806451612,74.92709677419354,101.55000000000001,87.2925806451613,91.3816129032258,73.49935483870968,105.89032258064516,98.81258064516129,96.32935483870968,78.34548387096774,56.9841935483871,101.28258064516129,80.7683870967742,54.67354838709678
2020-09-01,86.307,72.93833333333333,77.38033333333333,66.85333333333332,65.93833333333333,86.72966666666666,71.34766666666665,70.73433333333334,75.70233333333334,60.53733333333333,77.09066666666666,78.998,95.70966666666666,69.02199999999999,65.59866666666667,64.46533333333333,67.28733333333334,84.977,69.15066666666667,83.48033333333333,86.68833333333333,75.61933333333333,89.98266666666667,63.48533333333333,79.35733333333333,99.25366666666667,86.30466666666666,75.627,95.07300000000001,110.07366666666667,96.99600000000001,96.83366666666667,120.454,115.025,84.93833333333333,86.01266666666668,108.729,92.144,98.82066666666667,81.62033333333333,111.45666666666666,99.775,99.82566666666666,82.02366666666667,59.729,101.53233333333333,80.03566666666667,57.11966666666667
2020-10-01,90.46225806451612,77.78709677419356,80.39709677419354,72.42903225806452,69.08774193548388,91.17129032258065,74.24451612903225,69.60129032258064,77.09193548387097,62.89387096774194,84.19967741935484,89.31870967741936,98.69967741935484,75.9,72.17290322580645,73.22806451612904,74.26290322580645,89.62709677419355,72.01129032258065,88.14290322580645,90.08354838709678,80.42290322580645,92.59322580645161,67.4874193548387,83.80354838709677,106.91548387096775,92.74290322580644,85.32645161290323,94.47935483870968,112.17290322580645,104.24225806451612,103.92032258064515,122.80129032258066,119.43774193548387,91.03096774193548,88.52451612903226,113.34774193548388,97.05935483870968,105.9932258064516,83.20225806451613,118.7358064516129,108.24774193548386,103.22419354838709,85.20774193548387,62.22774193548387,99.27387096774193,83.78516129032259,63.05483870967742
2020-11-01,93.53833333333334,83.614,81.64899999999999,78.398,75.22866666666667,98.23533333333333,78.92366666666666,73.73066666666666,82.01433333333333,65.83200000000001,88.95066666666666,105.098,99.49933333333334,80.506,79.14200000000001,77.08,81.33666666666666,92.08766666666666,76.324,91.51,92.604,83.452,93.85100000000001,70.27933333333334,84.021,111.472,94.79433333333333,91.58333333333333,91.73666666666666,109.242,109.77533333333334,108.541,121.86333333333333,120.65333333333334,94.777,87.42766666666667,114.24366666666667,101.743,114.31266666666667,88.03266666666667,125.48766666666667,112.02199999999999,102.63833333333334,85.15133333333333,65.51766666666667,100.95433333333334,81.39466666666667,68.458
2020-12-01,94.83870967741936,89.97,82.61451612903227,84.27,79.22193548387096,102.74064516129032,84.97967741935483,76.88322580645162,87.12612903225806,68.99806451612903,95.27451612903225,116.13741935483871,102.92096774193548,85.60290322580646,85.17967741935485,80.30096774193548,84.11193548387098,92.26903225806453,81.4041935483871,93.02354838709678,92.22354838709677,85.23967741935483,94.00193548387097,73.63129032258065,84.89612903225807,115.40935483870967,98.00387096774193,94.42225806451613,108.06354838709677,105.2641935483871,112.62935483870969,109.67806451612903,117.9341935483871,119.81774193548387,95.56903225806451,82.56709677419354,112.59064516129033,101.45258064516128,116.75709677419354,89.26,122.78483870967742,111.51645161290324,97.73,82.8216129032258,67.4332258064516,98.07870967741935,79.88032258064516,68.72096774193548
2021-01-01,97.68225806451613,93.4183870967742,84.41290322580646,86.4767741935484,82.4541935483871,106.95064516129031,89.57774193548387,82.3025806451613,91.2741935483871,73.03451612903227,96.05451612903227,101.70548387096774,105.33322580645161,89.54548387096774,89.51612903225806,82.85,88.1241935483871,93.38806451612903,85.85548387096775,96.90193548387097,94.0141935483871,87.42806451612903,96.05000000000001,77.01677419354839,88.02741935483871,119.6325806451613,101.70258064516129,98.84935483870967,121.18032258064517,112.13064516129033,116.44516129032259,113.82225806451612,117.70967741935483,121.50870967741936,97.09645161290322,91.00451612903225,116.72645161290322,103.82870967741935,122.1316129032258,93.87870967741935,122.50161290322582,112.66967741935484,101.29354838709678,85.0741935483871,63.35129032258064,102.82774193548387,76.97225806451613,71.43096774193549
2021-02-01,103.21785714285714,102.63785714285714,89.13535714285715,94.83678571428571,91.04107142857143,114.32714285714285,94.2942857142857,86.74178571428571,98.83357142857143,80.80321428571428,101.39964285714287,104.32392857142858,112.65285714285714,97.7825,97.29071428571429,89.51642857142858,100.16142857142857,96.38035714285715,93.06785714285715,106.42999999999999,100.90607142857142,92.96285714285715,99.90357142857144,80.78571428571429,91.54321428571428,122.4725,104.8567857142857,99.45857142857143,134.1617857142857,122.13214285714285,120.02964285714286,122.44428571428571,124.20714285714287,132.71428571428572,101.40428571428572,100.97,125.44321428571428,109.35285714285715,133.59714285714287,102.23428571428572,132.01392857142858,114.24285714285715,111.49964285714285,91.36214285714286,67.67678571428571,108.29464285714286,81.55642857142857,76.16428571428571
2021-03-01,110.58645161290322,112.25129032258064,95.60032258064517,104.18774193548387,97.57967741935484,120.15516129032258,101.67548387096774,92.89322580645161,107.09354838709677,89.41903225806452,107.77774193548387,113.78806451612903,117.44612903225806,106.21193548387097,107.37612903225806,98.40387096774194,112.38354838709677,102.21903225806452,101.4658064516129,116.31290322580645,109.69516129032259,101.20225806451613,106.78451612903227,90.09774193548388,95.25129032258064,123.23483870967742,107.14935483870968,106.19290322580645,147.60999999999999,127.45903225806451,121.75903225806452,126.92451612903226,131.8541935483871,140.79225806451615,108.23516129032258,109.76806451612903,141.30806451612904,117.18645161290323,143.8558064516129,113.10290322580646,141.94096774193548,119.6041935483871,124.63483870967741,100.68129032258064,80.5883870967742,112.70806451612903,88.70483870967742,82.80774193548388
2021-04-01,121.96366666666667,120.431,102.70599999999999,111.63933333333333,103.04133333333333,127.59466666666667,108.466,101.062,114.02666666666667,97.65533333333333,114.34233333333333,122.33833333333334,130.50833333333333,114.306,119.562,107.325,127.471,109.37033333333333,110.23466666666667,128.58700000000002,123.17866666666667,112.606,118.96966666666667,100.94833333333332,102.17633333333333,128.03933333333333,111.732,116.22533333333334,155.85933333333332,134.79766666666666,128.60399999999998,137.18533333333335,141.42633333333333,150.587,119.24233333333333,122.70800000000001,164.89333333333335,129.45166666666668,160.18033333333332,128.48033333333333,164.27033333333333,131.33166666666665,147.68566666666666,115.97,95.85633333333334,126.78766666666667,99.36266666666667,90.49833333333332
2021-05-01,128.69193548387096,131.34354838709677,110.05741935483871,118.79645161290323,110.28032258064516,134.02612903225804,115.15838709677419,108.22419354838709,122.42387096774193,105.8674193548387,119.91387096774193,129.5141935483871,139.5435483870968,121.48612903225806,130.6874193548387,114.75516129032258,143.3790322580645,114.81354838709677,119.60129032258064,138.27870967741936,130.7741935483871,118.09709677419355,124.36387096774195,111.41193548387096,108.3483870967742,133.67645161290324,113.91225806451614,125.31096774193549,149.77,140.25225806451613,135.88064516129032,145.41709677419357,145.16516129032257,157.4716129032258,128.2816129032258,130.36483870967743,171.53548387096777,134.42838709677417,172.0567741935484,141.07516129032257,176.6990322580645,135.13838709677418,156.92870967741936,122.0141935483871,104.5083870967742,135.79483870967744,102.50064516129032,97.46096774193548
2021-06-01,133.375,137.53933333333333,116.01666666666667,124.80533333333332,117.17866666666667,138.08066666666667,120.54466666666667,114.28233333333333,129.49533333333335,111.69833333333332,126.26433333333333,137.42166666666665,144.63,127.60566666666666,139.02133333333333,120.97833333333332,157.958,120.19200000000001,126.784,145.92999999999998,137.51733333333334,121.44233333333334,126.36733333333333,115.38833333333334,115.132,137.2976666666667,118.01066666666667,133.35266666666666,142.033,142.54233333333335,139.82066666666665,149.65333333333334,149.78533333333334,161.73333333333332,135.07133333333334,138.755,170.41766666666666,137.876,175.97933333333333,151.392,179.66566666666668,141.097,161.54933333333332,128.418,113.16533333333334,141.596,104.08866666666667,107.26299999999999
2021-07-01,137.35838709677418,145.7409677419355,122.51612903225806,132.6067741935484,124.49483870967742,142.5748387096774,124.49387096774193,120.82677419354839,136.03548387096777,115.88935483870968,131.20129032258066,144.22032258064516,150.64096774193547,134.51225806451615,144.9890322580645,129.85967741935485,171.81225806451613,124.75161290322582,134.12451612903226,153.08129032258066,139.47225806451613,122.07677419354839,128.78967741935483,119.22451612903225,122.81322580645161,140.72032258064516,124.86870967741935,139.33193548387098,141.7277419354839,146.08548387096772,144.74935483870965,156.7609677419355,162.16935483870967,167.61935483870968,141.86709677419356,147.39645161290323,167.73451612903227,139.89548387096775,179.19419354838712,158.72032258064516,182.88290322580644,140.39935483870968,164.93064516129033,133.0983870967742,124.62161290322581,150.60129032258067,107.31838709677419,112.26548387096774
2021-08-01,139.12935483870967,158.2241935483871,129.1077419354839,141.1016129032258,134.66774193548386,149.17580645161289,129.208064516129,124.60935483870968,142.00870967741935,119.14774193548386,137.29064516129034,156.72032258064516,150.7774193548387,139.91870967741937,150.09612903225806,134.06193548387097,182.32354838709676,127.93225806451613,140.40709677419355,158.26193548387096,135.76774193548388,118.98677419354838,128.4116129032258,124.08903225806452,127.51870967741935,144.60612903225805,128.89419354838708,140.21354838709678,146.5274193548387,143.5748387096774,152.54645161290324,166.60612903225805,157.79612903225808,167.0267741935484,143.52129032258065,143.34129032258065,154.1074193548387,135.18129032258065,176.85064516129032,164.99387096774194,178.9341935483871,135.9225806451613,160.3951612903226,132.87645161290322,124.42129032258065,149.08903225806452,102.60354838709678,111.47838709677418
2021-09-01,143.12333333333333,173.62933333333334,137.13233333333335,154.318,148.507,156.5883333333333,139.264,130.45766666666665,149.86333333333332,124.77933333333334,146.19500000000002,167.035,154.24633333333335,146.44633333333334,157.21966666666668,142.30566666666667,194.93066666666667,131.66033333333334,149.11233333333334,163.71933333333334,137.93633333333335,120.588,129.87566666666666,127.69733333333333,130.39933333333335,153.21033333333332,141.39266666666666,146.804,169.73066666666668,146.219,163.9586666666667,180.11266666666668,157.02966666666669,171.388,148.0593333333333,143.35666666666665,156.397,137.87733333333333,181.74366666666668,169.62666666666667,182.56066666666666,133.89266666666668,161.5773333333333,132.59033333333335,123.41866666666667,158.781,102.39766666666667,111.01566666666666
2021-10-01,146.98290322580647,186.30967741935484,143.13129032258064,163.11806451612904,155.00290322580645,161.69451612903225,144.72387096774193,136.78774193548387,158.03225806451613,131.05161290322582,154.4493548387097,179.25612903225806,157.64129032258066,151.8416129032258,164.91129032258064,154.3574193548387,206.90193548387097,135.10129032258067,155.8409677419355,167.60451612903225,136.6932258064516,124.59870967741935,131.64612903225805,136.7,135.74483870967742,161.0367741935484,150.8922580645161,154.85806451612905,182.5506451612903,147.5632258064516,173.27193548387098,186.4458064516129,161.0483870967742,174.11064516129034,152.72129032258064,147.09516129032258,156.70419354838708,140.5851612903226,187.0132258064516,181.2816129032258,187.41516129032257,136.52290322580646,161.10387096774195,133.76774193548388,127.74064516129032,156.10838709677418,104.21225806451612,114.56612903225808
2021-11-01,152.915,202.477,147.24966666666666,176.436,167.99633333333335,170.44500000000002,155.165,145.45166666666668,167.61166666666668,139.58533333333335,164.19933333333333,192.67933333333335,164.85966666666667,160.23966666666666,172.35433333333333,161.0883333333333,221.859,142.60133333333334,164.37333333333333,174.60666666666665,139.82833333333335,131.326,136.54566666666668,138.44666666666666,142.80066666666667,165.09866666666667,156.00633333333332,159.25300000000001,183.64,149.47299999999998,177.10733333333334,186.77066666666667,162.80533333333332,176.42366666666666,155.98066666666668,153.71966666666668,158.19500000000002,146.58866666666665,193.31133333333335,200.47433333333336,193.5546666666667,143.78066666666666,163.49533333333332,136.77033333333333,128.95366666666666,159.18966666666668,107.81666666666666,121.07466666666667
2021-12-01,157.17225806451614,213.8309677419355,152.64806451612904,188.68064516129033,181.0125806451613,176.8532258064516,161.9632258064516,151.10451612903225,175.80483870967743,143.82354838709676,177.1648387096774,196.9893548387097,170.19193548387096,172.60806451612905,176.0925806451613,163.8125806451613,229.13612903225808,146.52806451612904,173.41580645161292,177.2606451612903,141.47645161290325,134.58064516129033,142.80032258064517,144.59483870967742,146.3641935483871,171.1732258064516,164.16709677419357,166.88741935483873,187.39548387096775,149.0325806451613,183.54451612903227,189.6509677419355,162.08903225806452,178.02612903225807,158.5222580645161,153.44870967741934,160.13838709677418,151.4041935483871,194.37516129032258,198.838064516129,191.52290322580646,144.97806451612902,166.94064516129032,137.08064516129033,134.66806451612902,164.9190322580645,108.92935483870967,124.64806451612904
2022-01-01,156.4983870967742,216.07064516129034,150.3967741935484,188.8067741935484,176.68967741935484,177.81870967741935,159.47032258064516,155.1441935483871,176.1051612903226,147.19419354838712,175.2393548387097,189.7651612903226,171.71,168.22129032258064,175.7616129032258,159.02,227.76645161290324,145.41580645161292,173.02064516129033,176.51806451612904,138.1993548387097,133.70387096774192,135.6558064516129,140.14645161290323,147.02903225806452,175.66064516129032,169.4667741935484,168.79645161290324,175.68806451612903,144.93774193548387,188.07451612903228,190.79225806451615,155.1567741935484,179.30354838709678,158.70032258064515,152.75645161290322,159.49258064516127,152.22225806451613,192.29064516129034,199.0,187.03419354838712,141.4616129032258,165.24387096774194,135.17483870967743,132.52354838709678,169.63741935483873,104.11258064516129,128.09709677419355
2022-02-01,159.195,229.19285714285712,154.34214285714285,196.53821428571428,185.71714285714285,184.17642857142854,166.46107142857142,162.19785714285715,185.53178571428572,157.42249999999999,181.64857142857142,201.18214285714288,172.69107142857143,177.3489285714286,183.58928571428572,168.74107142857142,238.84821428571428,147.12178571428572,181.1032142857143,182.53535714285712,139.90571428571428,135.00357142857143,132.95,146.60178571428574,150.3975,174.6692857142857,172.39642857142857,164.1667857142857,169.74785714285713,144.01321428571427,187.8682142857143,188.44321428571428,158.9992857142857,182.69857142857146,162.25214285714287,156.05142857142854,164.91357142857143,154.01392857142858,200.2867857142857,213.06535714285715,188.67071428571427,141.96678571428572,165.18964285714287,136.09464285714287,134.04500000000002,167.00464285714287,105.34357142857142,132.78178571428572
2022-03-01,160.37612903225806,228.75935483870967,155.53354838709677,200.65516129032258,190.34483870967745,185.73,174.53483870967742,169.77774193548387,190.05580645161288,165.1316129032258,184.1648387096774,209.3551612903226,176.84935483870967,180.88677419354838,184.63774193548386,170.58225806451614,240.81483870967742,147.54870967741937,186.14935483870968,183.69774193548386,140.06225806451613,133.78387096774193,130.92032258064515,150.1448387096774,152.97903225806454,173.90806451612903,175.30870967741936,166.46,165.8367741935484,146.0793548387097,185.32225806451612,185.88677419354838,161.3648387096774,184.82354838709676,163.75709677419357,158.7651612903226,169.31806451612903,155.47,201.6058064516129,217.18645161290323,186.26806451612904,137.81967741935483,169.8558064516129,138.0358064516129,140.8416129032258,167.70193548387098,106.32129032258065,136.25290322580645
2022-04-01,159.81633333333332,224.786,157.087,200.31300000000002,191.55033333333333,182.1906666666667,177.52700000000002,178.62866666666665,190.129,167.5366666666667,187.06,203.01266666666666,176.04266666666666,181.01466666666664,179.69233333333335,167.83233333333334,234.44,147.388,188.30833333333334,181.55366666666666,138.47066666666666,131.637,130.618,150.041,157.802,170.46966666666668,172.23833333333332,168.12233333333333,164.59266666666664,150.302,182.77599999999998,179.16199999999998,161.01366666666667,180.0836666666667,163.547,158.9406666666667,170.31,156.31199999999998,196.434,209.53866666666667,184.53966666666665,135.639,169.66433333333333,139.83399999999997,138.48466666666667,172.85666666666665,104.38033333333333,139.364
2022-05-01,160.41806451612902,226.67612903225807,159.47612903225806,197.74354838709678,190.35225806451612,178.2341935483871,181.60548387096776,182.87225806451613,193.61483870967743,167.5632258064516,187.82419354838711,201.7758064516129,174.37548387096774,182.60709677419354,175.50483870967741,166.64870967741933,227.6883870967742,146.55709677419355,188.21935483870968,182.12870967741935,136.5274193548387,131.6948387096774,132.31193548387097,153.79129032258064,158.14645161290323,168.7574193548387,174.93806451612903,169.08129032258066,166.32451612903228,149.77709677419355,183.13290322580644,178.48451612903224,163.83903225806452,177.93451612903226,165.11774193548385,155.45935483870966,171.161935483871,155.6648387096774,196.65709677419355,204.67903225806452,186.0525806451613,138.2658064516129,170.27645161290323,141.2867741935484,136.55774193548388,175.1109677419355,104.85032258064517,140.50354838709677
2022-06-01,158.60899999999998,217.89933333333332,159.781,189.48766666666668,183.39399999999998,172.936,184.33433333333332,183.47466666666665,190.59366666666668,165.94633333333334,185.281,201.07866666666666,172.73966666666666,175.93866666666665,166.71633333333332,160.27533333333335,215.44633333333334,144.22,183.22866666666667,179.81066666666666,134.51766666666668,131.38566666666668,132.50433333333334,148.694,160.29433333333333,169.541,181.13166666666666,170.033,170.5476666666667,157.29366666666664,183.2,186.02100000000002,167.847,175.07866666666666,164.32266666666666,153.82633333333334,171.03166666666667,154.90766666666664,192.8743333333333,189.48633333333333,182.84,138.20666666666665,167.27366666666666,139.20033333333333,135.26000000000002,170.35733333333334,106.83433333333333,141.764
2022-07-01,155.66870967741934,202.05774193548388,155.00290322580645,180.70774193548385,171.54129032258064,168.8183870967742,183.9832258064516,184.49,186.74612903225807,159.87483870967742,179.7464516129032,201.6164516129032,169.99774193548387,172.98774193548385,155.8809677419355,150.96161290322578,203.78387096774193,142.8083870967742,178.8041935483871,174.06258064516132,130.2158064516129,129.14193548387098,129.95870967741936,141.6848387096774,163.38,168.74903225806452,185.8664516129032,172.66709677419357,173.05,171.1167741935484,181.3683870967742,181.84,175.41870967741937,174.6993548387097,163.70548387096773,157.86258064516127,170.8983870967742,154.22612903225806,188.13612903225808,182.5241935483871,177.7916129032258,134.57096774193548,163.54322580645163,137.22870967741935,133.73548387096776,163.69548387096776,107.26870967741935,142.7616129032258
2022-08-01,153.44774193548386,187.38645161290324,149.96580645161288,169.14387096774195,160.37806451612903,163.56645161290322,178.55741935483871,186.94516129032257,180.62225806451613,156.41806451612902,172.26258064516128,207.72451612903225,170.70483870967743,169.40129032258062,146.21451612903223,145.21709677419352,189.911935483871,141.38193548387096,171.95548387096773,170.83322580645162,128.04225806451612,127.40225806451612,128.3922580645161,136.56193548387097,164.12645161290322,168.99677419354836,184.3906451612903,175.15322580645162,182.39870967741933,173.41516129032257,179.98580645161292,181.21,177.06806451612903,173.6332258064516,162.84741935483873,159.09032258064516,170.3658064516129,154.0748387096774,186.3841935483871,176.82967741935485,173.98193548387098,127.41387096774193,160.69451612903225,134.82225806451612,132.3577419354839,161.48548387096776,108.00129032258064,145.25774193548386
2022-09-01,150.59633333333335,173.96,145.35533333333333,158.596,153.23633333333333,158.65366666666665,176.15099999999998,189.76333333333332,178.632,157.10533333333333,163.60600000000002,199.92466666666667,163.10466666666667,163.90433333333334,138.775,136.566,178.21933333333334,139.77266666666668,166.24466666666666,168.17866666666666,127.31133333333334,123.31633333333333,128.27466666666666,133.45133333333334,162.07166666666666,167.97299999999998,182.46533333333335,175.20600000000002,180.22766666666666,167.52266666666668,179.432,182.127,167.046,172.96300000000002,160.8046666666667,158.71966666666668,169.72899999999998,154.228,185.31866666666667,178.88166666666666,171.766,129.37033333333335,158.02833333333334,134.17466666666667,130.63333333333333,157.404,109.64,146.67466666666667
2022-10-01,148.5158064516129,160.72096774193548,140.18322580645162,150.1732258064516,144.12193548387097,154.2106451612903,175.6483870967742,193.29741935483872,171.1567741935484,155.60129032258067,155.1706451612903,196.3351612903226,159.76645161290324,161.69064516129032,131.4358064516129,137.99225806451614,169.5390322580645,137.49870967741936,162.52129032258065,166.52387096774194,127.25,121.18387096774192,128.36225806451614,130.84967741935483,163.7367741935484,167.57225806451612,182.50032258064516,180.95064516129034,177.1751612903226,163.1316129032258,180.10451612903225,177.87032258064514,171.61290322580646,176.1164516129032,162.13258064516128,161.85387096774195,170.84967741935483,154.8032258064516,183.3716129032258,169.99193548387098,167.29677419354837,129.76903225806453,157.97064516129032,133.98967741935485,129.94548387096773,157.4190322580645,112.54870967741935,150.62064516129033
2022-11-01,147.735,147.07866666666666,134.25266666666667,140.9523333333333,137.01266666666666,151.85933333333332,175.69466666666668,201.069,164.3203333333333,153.32133333333334,147.25166666666667,192.989,155.53166666666667,157.16733333333335,125.09400000000001,128.87266666666667,161.487,136.69333333333333,158.01333333333332,166.02266666666668,125.795,119.14766666666667,131.02833333333334,126.54133333333333,163.64966666666666,168.54,185.63366666666667,183.94833333333332,174.94733333333335,169.02366666666666,181.68566666666666,171.64399999999998,173.38033333333334,181.2313333333333,163.07866666666666,166.5353333333333,172.10766666666666,156.84833333333333,181.193,163.79566666666668,161.347,128.65866666666668,158.317,134.97133333333332,130.77633333333333,156.17533333333333,118.21033333333334,154.238
2022-12-01,144.4206451612903,135.2816129032258,128.00967741935486,132.04225806451612,127.38548387096773,146.8567741935484,174.47032258064516,198.78225806451613,157.4190322580645,149.7332258064516,139.65129032258065,188.6074193548387,152.42806451612904,153.55709677419355,118.17548387096774,119.90451612903226,149.6583870967742,131.83645161290323,152.31645161290325,162.18935483870968,121.98516129032258,115.60612903225807,128.82870967741937,120.70516129032258,161.3558064516129,169.95548387096773,186.94870967741934,185.5774193548387,173.55806451612904,167.56548387096774,182.0816129032258,167.9448387096774,169.02387096774194,182.36935483870968,161.21354838709678,163.15548387096774,170.06064516129032,155.65193548387097,175.25451612903228,157.04516129032257,156.4864516129032,125.85677419354839,154.45870967741936,131.72225806451613,129.64645161290323,154.5258064516129,120.5316129032258,151.39032258064518
2023-01-01,140.58225806451614,126.32129032258065,122.6541935483871,125.40516129032258,120.06741935483872,142.76000000000002,169.84870967741938,196.03645161290322,151.38290322580644,144.81612903225806,133.78483870967742,180.4893548387097,151.12645161290322,150.13516129032257,112.66225806451614,112.9858064516129,140.3622580645161,126.47419354838709,147.43193548387097,157.11032258064517,115.73258064516129,110.3532258064516,122.85548387096775,115.01322580645162,160.24483870967742,169.02451612903226,188.58322580645162,183.20193548387098,172.32,171.21548387096774,180.63032258064516,165.51387096774195,167.92548387096772,177.5274193548387,159.15290322580645,164.55225806451614,167.65709677419355,152.51032258064515,169.7525806451613,154.5641935483871,151.29709677419356,125.06903225806451,150.89129032258066,128.66354838709677,127.56612903225808,153.6335483870968,116.68290322580646,153.82612903225805
2023-02-01,136.57357142857143,114.16607142857143,115.25607142857143,118.47500000000001,112.67035714285714,138.37464285714285,166.75178571428572,193.35,145.05464285714285,140.9075,126.49214285714287,174.25428571428571,148.29392857142855,143.66785714285714,105.66714285714285,109.05392857142856,133.97285714285715,120.54857142857144,142.4117857142857,152.86464285714285,112.55357142857143,106.89142857142858,117.10321428571429,108.67428571428572,158.87464285714285,165.81428571428572,188.22964285714286,183.84107142857144,164.83892857142857,170.8842857142857,176.63071428571428,162.4117857142857,166.71428571428572,180.58892857142857,158.24464285714288,161.3475,163.5289285714286,149.1942857142857,163.83607142857142,149.69142857142856,142.84214285714285,121.69285714285715,148.1457142857143,123.48964285714285,123.50642857142857,150.5842857142857,112.59285714285714,153.86214285714286
2023-03-01,134.95225806451614,102.55516129032259,111.45451612903226,107.63290322580644,105.05096774193548,135.46129032258065,163.8958064516129,193.46387096774194,140.18387096774194,136.26709677419353,119.26677419354839,159.81967741935483,145.88387096774193,143.63387096774193,100.32064516129033,106.48645161290322,128.68451612903226,120.08838709677418,136.8293548387097,149.70322580645163,108.60870967741936,105.45677419354838,116.7341935483871,105.53580645161291,159.24774193548387,163.17677419354837,187.37129032258065,188.83290322580643,153.66258064516128,171.17903225806452,171.5616129032258,159.91387096774193,168.04741935483872,179.77645161290323,158.35645161290324,158.82,160.77709677419355,148.8641935483871,161.96612903225807,145.76483870967743,138.42193548387095,121.80096774193548,146.69032258064516,123.19548387096773,122.62387096774194,151.42645161290324,110.4658064516129,150.43387096774194
2023-04-01,136.025,98.18566666666668,110.98233333333333,100.54533333333333,100.993,132.21466666666666,161.99666666666664,194.29433333333333,138.17166666666665,133.97166666666666,114.49,152.18566666666666,144.209,142.22066666666666,99.73633333333333,104.34066666666666,126.345,122.23566666666667,135.51466666666667,147.98066666666668,109.63766666666668,106.85366666666667,119.11466666666666,103.45766666666667,161.41766666666666,161.417,186.30233333333334,187.62166666666664,165.235,171.54533333333333,169.38566666666665,155.08399999999997,159.576,179.722,158.67033333333333,157.75833333333333,161.19099999999997,149.52533333333335,160.63533333333334,140.07000000000002,136.31866666666667,122.32333333333332,145.415,128.205,121.40433333333334,151.97299999999998,110.96933333333332,148.70499999999998
2023-05-01,134.68870967741935,97.36193548387098,107.30548387096773,94.56645161290322,94.11612903225806,127.17612903225806,161.25032258064516,193.87548387096774,132.27645161290323,130.89387096774195,113.07387096774194,150.27096774193546,144.14806451612904,140.75548387096774,96.5341935483871,101.42290322580645,120.55129032258066,121.50322580645161,133.53064516129032,144.65548387096774,109.48258064516129,106.59774193548388,118.96774193548387,101.77387096774194,159.1158064516129,158.23354838709676,184.67387096774195,187.17806451612904,168.35806451612905,168.9958064516129,167.28967741935483,145.7783870967742,155.4590322580645,177.27290322580646,156.48290322580647,156.06967741935483,162.5506451612903,147.8725806451613,158.7658064516129,135.35290322580647,134.3967741935484,122.98838709677419,143.56,128.16258064516128,122.85129032258064,150.77548387096775,110.51193548387097,149.13451612903225
2023-06-01,131.80566666666667,86.955,100.907,87.29766666666666,88.19800000000001,122.22766666666666,157.92633333333333,191.23866666666666,126.63799999999999,127.52966666666666,108.51833333333335,146.08966666666666,134.02433333333335,140.86466666666666,91.77633333333333,99.07933333333334,114.836,120.15033333333334,129.201,140.24033333333333,107.23366666666668,104.19133333333333,117.75533333333333,100.60466666666666,156.94966666666667,157.495,184.88366666666667,186.30166666666668,166.99766666666667,168.74200000000002,164.85433333333333,141.49733333333333,148.67466666666667,169.611,153.54266666666666,151.06633333333332,160.50533333333334,145.332,154.78433333333334,130.29666666666668,130.665,122.825,140.13333333333333,126.21133333333334,121.872,147.9006666666667,107.07466666666667,153.13766666666666
2023-07-01,129.42548387096775,83.54096774193549,97.29645161290323,82.76935483870967,85.64451612903225,120.36032258064516,156.47129032258064,190.41258064516128,125.48806451612903,125.37032258064517,107.08,151.2116129032258,131.26161290322582,136.4564516129032,88.71451612903226,92.65870967741935,111.13612903225807,119.18903225806451,127.87967741935483,136.3441935483871,104.76096774193549,102.11032258064516,117.30483870967741,100.16129032258064,141.31612903225806,156.32999999999998,186.30193548387095,183.91612903225806,159.89129032258066,171.58064516129033,163.14709677419356,137.41580645161292,160.68032258064517,166.9216129032258,148.30548387096775,148.79741935483872,157.61806451612904,143.8183870967742,152.85709677419354,130.31612903225806,127.98032258064515,121.40354838709678,137.73387096774192,125.80451612903227,121.35774193548387,142.72774193548386,107.65677419354839,148.9883870967742
2023-08-01,128.5041935483871,79.40838709677419,95.74451612903225,80.63709677419355,83.62709677419355,118.47322580645161,156.01129032258066,192.60999999999999,124.30612903225807,126.10870967741936,104.18548387096774,154.63612903225808,135.86774193548385,135.37193548387097,88.35483870967742,89.61,110.50064516129032,118.23290322580645,127.33322580645161,134.4974193548387,104.89483870967742,101.36967741935484,116.2709677419355,99.35548387096775,143.1822580645161,154.3458064516129,188.94193548387096,184.64548387096775,157.99419354838707,177.91645161290322,161.30548387096775,134.97870967741935,163.64612903225805,170.29032258064515,147.36193548387098,152.24612903225807,158.95129032258063,143.09741935483873,150.09032258064516,131.96967741935484,126.17129032258065,120.83774193548386,136.04290322580644,123.7125806451613,121.34129032258065,142.86483870967743,110.06258064516129,138.11741935483872
2023-09-01,127.03866666666666,77.284,93.32,79.80833333333334,84.93966666666667,115.17566666666667,154.45200000000003,192.613,121.97933333333334,124.859,102.432,149.43400000000003,138.48466666666667,135.07766666666666,87.43766666666667,88.275,109.32466666666666,117.77333333333333,126.27199999999999,133.06866666666667,104.83366666666667,99.307,114.20766666666667,99.21166666666666,152.74633333333335,153.08100000000002,194.53466666666665,186.83466666666666,151.91533333333334,179.531,158.28866666666667,131.69766666666666,163.09766666666667,168.10600000000002,148.0,154.09033333333335,158.39233333333334,142.65333333333334,147.199,130.96200000000002,124.41799999999999,119.32133333333333,134.215,122.163,119.47,140.97133333333335,109.73533333333333,147.16266666666667
2023-10-01,124.93612903225807,75.14516129032258,90.14290322580645,78.14967741935483,83.02548387096775,111.48225806451612,154.25838709677421,192.87161290322578,119.17483870967742,119.32677419354839,100.68064516129031,147.1448387096774,137.89387096774195,133.2651612903226,86.23225806451612,88.77612903225807,107.62903225806451,117.87096774193549,123.17516129032258,129.0841935483871,102.96064516129032,97.21000000000001,114.42032258064516,96.26129032258065,149.9216129032258,151.56483870967742,194.55193548387095,186.22612903225806,162.7525806451613,172.86935483870968,156.0658064516129,128.07129032258064,160.30870967741936,165.3774193548387,145.45677419354837,150.40935483870967,156.58774193548388,139.4667741935484,144.49290322580643,136.61935483870968,123.82225806451613,117.68032258064517,130.11387096774192,120.28516129032259,117.42064516129032,137.98032258064518,104.57451612903226,146.23193548387096
2023-11-01,123.25533333333333,72.99333333333334,86.94666666666667,76.16966666666667,81.41900000000001,109.33266666666667,150.23833333333332,199.73633333333333,116.76766666666667,116.764,96.26333333333334,146.208,133.469,129.573,85.24133333333333,87.40566666666668,105.184,116.41766666666668,119.78166666666667,126.68233333333335,101.45233333333334,96.61366666666666,113.84766666666665,94.539,147.844,148.278,189.99933333333334,185.567,169.3336666666667,166.78766666666667,154.71833333333333,124.14366666666666,155.93633333333335,164.28466666666665,142.69266666666667,145.09266666666664,148.67133333333334,137.01466666666664,140.9343333333333,138.28066666666666,120.18900000000001,118.30066666666667,126.47633333333333,118.49366666666667,112.39433333333334,136.61833333333334,108.01966666666667,142.42233333333334
2023-12-01,121.27741935483871,72.48935483870967,84.90967741935484,75.46709677419355,80.72870967741936,108.0425806451613,146.35870967741934,193.17225806451614,115.94419354838709,115.57064516129033,93.34548387096774,143.38935483870966,131.7609677419355,127.81645161290322,84.22322580645161,85.17967741935485,102.67516129032258,115.44967741935484,119.37709677419355,123.15903225806451,101.07967741935484,96.84387096774194,111.85967741935484,93.80290322580645,143.59290322580645,142.29,184.96129032258065,182.57064516129032,170.93032258064517,155.7964516129032,152.68290322580646,122.96967741935484,153.6422580645161,162.29612903225808,140.54258064516128,136.89354838709676,143.97903225806454,134.4141935483871,136.58612903225807,133.02161290322582,116.68290322580646,119.22322580645161,123.16967741935483,116.74354838709678,107.76645161290323,133.8425806451613,109.28516129032259,148.9141935483871
2024-01-01,119.37741935483871,71.81806451612904,84.34290322580645,75.6783870967742,79.73258064516129,106.17258064516129,144.56064516129032,187.04516129032257,113.15064516129033,112.8532258064516,93.85774193548387,141.04,130.27290322580646,127.85645161290323,83.11387096774195,84.77612903225807,100.93451612903226,115.07483870967742,118.26451612903226,122.50419354838711,98.60387096774193,95.7174193548387,108.81161290322581,93.60258064516128,142.02,137.30483870967743,182.88677419354838,179.44,166.67451612903224,152.8293548387097,151.03129032258065,120.8225806451613,149.28354838709677,161.73032258064518,138.88032258064516,133.6751612903226,141.3667741935484,131.10064516129032,134.15064516129033,121.88967741935484,116.35741935483871,114.37129032258065,119.46967741935484,115.79741935483872,104.61354838709677,130.40225806451613,106.91903225806452,149.79258064516128
2024-02-01,118.20586206896552,71.12689655172413,83.16896551724139,73.93,77.38206896551723,104.21586206896552,143.21620689655174,185.69344827586207,111.21551724137932,110.08724137931036,99.12310344827587,138.01724137931035,127.95758620689655,128.51275862068965,81.10241379310344,85.89999999999999,100.78344827586207,112.49517241379311,118.13827586206898,121.79137931034482,97.29862068965517,93.30620689655173,105.25310344827587,93.72206896551724,142.6455172413793,134.93310344827586,181.8393103448276,180.4351724137931,157.58103448275864,150.73172413793105,148.81103448275863,119.09655172413794,145.3693103448276,162.2006896551724,138.2348275862069,136.3589655172414,140.41206896551722,129.6606896551724,132.27448275862068,118.46862068965518,114.06620689655173,115.20241379310345,118.61103448275861,114.52379310344828,105.00896551724139,130.7896551724138,109.22172413793103,149.01896551724138
2024-03-01,118.57612903225807,70.78548387096774,82.84193548387097,72.84290322580645,75.53354838709677,103.8625806451613,138.48225806451612,183.89645161290323,107.98709677419355,110.61806451612902,95.2925806451613,130.67935483870968,130.46645161290323,129.5325806451613,80.95709677419354,84.95709677419354,101.15354838709678,113.36645161290323,118.01322580645162,122.18645161290323,97.24580645161289,93.54290322580646,105.94903225806452,92.90774193548387,147.0941935483871,134.43935483870968,181.28967741935486,185.04741935483872,144.73612903225805,151.22387096774196,147.32516129032257,118.60354838709678,147.37290322580643,164.0383870967742,138.88193548387096,140.16516129032257,140.20580645161291,129.29612903225808,131.70903225806452,120.10903225806452,112.16838709677418,114.80290322580645,119.40709677419355,115.85,107.45612903225806,131.87612903225806,110.35741935483871,144.51806451612904
2024-04-01,118.51366666666667,70.38799999999999,81.81833333333334,72.012,75.69533333333334,101.92399999999999,137.27966666666669,184.04033333333334,104.76666666666667,109.23433333333334,96.57866666666668,118.97466666666668,131.79533333333333,129.77166666666668,81.19633333333333,82.53366666666668,99.61766666666668,113.64733333333334,117.04833333333333,121.45933333333333,96.40833333333333,94.85333333333332,108.71366666666667,90.953,147.59266666666664,131.54933333333332,184.56066666666666,184.98233333333334,139.112,151.05366666666666,145.574,116.18233333333333,146.95,160.43633333333335,137.571,137.97666666666666,137.77733333333333,128.078,128.86466666666666,116.44233333333334,112.02566666666667,110.73966666666666,118.09666666666666,114.78266666666667,105.33833333333334,130.52233333333334,111.66133333333333,152.334
2024-05-01,115.85483870967742,69.1609677419355,79.91774193548386,71.71290322580644,74.37645161290322,98.55806451612904,132.83322580645162,178.6725806451613,102.22935483870968,106.2441935483871,96.00032258064518,119.01483870967742,132.1458064516129,128.6422580645161,80.62903225806451,80.86129032258064,96.9132258064516,108.77935483870968,115.77032258064517,118.60129032258064,94.42967741935485,93.28354838709677,105.95225806451613,90.86967741935484,146.50193548387094,129.86451612903227,184.45387096774192,183.42903225806452,139.35225806451612,148.6209677419355,142.6332258064516,112.7658064516129,139.47064516129032,159.03774193548387,134.54064516129034,137.8577419354839,132.40193548387097,125.70225806451613,125.4483870967742,115.01548387096774,107.49225806451614,108.96354838709676,116.62709677419355,111.48451612903226,100.84064516129033,127.77677419354839,111.2158064516129,153.24677419354836
2024-06-01,114.22,69.90433333333334,79.471,72.38466666666666,76.29299999999999,95.97599999999998,129.463,175.47033333333331,98.76,105.68466666666667,94.46000000000001,118.43166666666666,137.6663333333333,128.63433333333333,79.84433333333332,80.60766666666667,95.61033333333333,105.86266666666667,115.58200000000001,116.89733333333334,93.05566666666667,93.21766666666667,102.59066666666666,90.309,143.78733333333332,129.35166666666666,183.906,184.185,135.12533333333332,146.39866666666666,142.732,112.38333333333334,143.12533333333334,159.032,132.294,136.83599999999998,129.88066666666666,124.64566666666666,121.81466666666667,113.99866666666667,108.92333333333333,109.58366666666667,113.85733333333333,109.16799999999999,98.711,124.58266666666667,110.515,155.27933333333334
2024-07-01,113.6609677419355,70.13870967741936,78.99967741935482,71.03096774193548,75.08709677419354,93.54838709677419,126.74774193548389,172.60612903225805,96.30967741935484,104.1558064516129,92.70322580645161,119.65193548387097,140.1822580645161,130.3174193548387,79.68483870967742,79.42032258064516,95.0316129032258,106.83838709677418,113.95322580645161,115.08064516129032,94.45451612903226,93.51548387096774,103.30290322580645,87.58612903225807,140.28709677419354,127.56419354838711,180.95451612903227,184.77645161290323,127.13483870967741,144.9174193548387,141.78548387096777,110.70903225806451,152.3683870967742,159.0941935483871,132.65225806451613,132.49032258064514,128.62774193548387,124.05677419354839,118.44612903225806,113.89645161290322,110.01193548387097,114.56709677419354,111.24451612903225,108.4332258064516,96.3474193548387,124.98354838709677,113.14193548387097,154.73612903225805
2024-08-01,113.35580645161289,68.45903225806451,78.69645161290323,69.90774193548387,75.21870967741935,91.93225806451613,125.52548387096775,170.86032258064517,96.06225806451613,101.92645161290322,92.59032258064516,125.24,138.41387096774193,130.53387096774193,79.31064516129032,77.04129032258065,95.45451612903226,108.07903225806452,112.9616129032258,113.72774193548386,92.67516129032258,91.4916129032258,105.61322580645162,85.71645161290323,136.8067741935484,124.76774193548388,181.62032258064514,184.7125806451613,139.66064516129032,145.28161290322583,140.2651612903226,108.89129032258064,153.08419354838708,158.1974193548387,131.07741935483872,125.07709677419355,126.27612903225807,122.5858064516129,116.26483870967742,118.64645161290322,107.04741935483871,112.84,109.35677419354839,108.76,93.52387096774193,124.81483870967742,116.39741935483872,154.64387096774195
2024-09-01,112.41733333333333,69.38933333333333,77.91266666666667,71.46233333333333,75.27766666666666,91.491,125.364,173.0883333333333,94.99366666666667,100.325,93.959,132.472,142.51566666666668,127.21166666666666,80.87466666666666,76.97166666666666,96.28099999999999,107.63766666666668,111.91333333333334,112.38366666666667,89.81333333333333,92.88866666666667,105.04866666666666,85.28333333333333,135.52066666666667,123.44633333333333,185.18466666666666,184.82000000000002,134.77566666666667,144.26899999999998,140.48866666666666,109.58233333333332,151.35366666666667,158.17466666666667,129.361,121.99166666666666,126.10933333333334,121.273,114.86333333333333,119.65033333333334,107.963,109.702,108.15100000000001,108.81333333333333,94.56733333333334,126.36366666666666,116.33500000000001,153.76933333333332
2024-10-01,110.05096774193548,68.66548387096775,76.5374193548387,72.26161290322581,73.54645161290323,90.5783870967742,122.14612903225806,172.29612903225808,91.25290322580646,100.5441935483871,92.54225806451613,128.6332258064516,139.05129032258066,126.76387096774194,78.38193548387098,77.2741935483871,93.98935483870967,107.35290322580646,110.60612903225807,108.73677419354838,89.45258064516129,91.87870967741935,103.23451612903226,83.81935483870969,132.6432258064516,121.73290322580644,186.71645161290323,182.88967741935483,131.1316129032258,138.64096774193547,138.15483870967742,106.7925806451613,148.71354838709678,154.58387096774194,125.7883870967742,116.23838709677419,124.48193548387097,117.85225806451614,110.95129032258063,110.83645161290322,104.72032258064516,107.74032258064516,106.18645161290323,107.9874193548387,93.74967741935485,121.62741935483871,115.39935483870968,152.13129032258064
2024-11-01,109.49466666666667,67.33,74.287,71.17833333333333,77.047,89.352,118.54566666666666,172.194,90.59366666666666,99.61633333333333,93.145,128.7913333333333,141.868,127.143,77.90100000000001,74.75333333333333,93.47933333333334,107.176,110.413,108.687,88.98333333333333,93.28099999999999,101.70266666666666,86.336,131.602,119.15633333333334,185.76733333333334,181.123,121.24133333333333,141.9226666666667,135.93333333333334,105.73733333333332,145.971,153.66033333333334,125.44633333333333,114.54400000000001,125.95533333333333,117.748,110.88066666666667,110.288,101.51633333333334,106.79066666666667,105.61666666666666,107.597,93.396,123.05533333333332,113.15,150.81833333333333
2024-12-01,110.26935483870967,67.43774193548387,72.91064516129032,70.4767741935484,79.37516129032258,88.0009677419355,118.90451612903226,171.87548387096774,89.7216129032258,99.65935483870967,93.17612903225806,128.64709677419356,139.37677419354839,129.55290322580646,79.23548387096774,74.5841935483871,92.48806451612903,106.9283870967742,109.9558064516129,110.16064516129032,88.55870967741936,94.1032258064516,100.3083870967742,89.80451612903227,133.5793548387097,119.94354838709677,186.0767741935484,185.39806451612904,120.67967741935485,147.80161290322582,136.58903225806452,105.57677419354839,147.87129032258065,154.70451612903227,126.36032258064516,116.9716129032258,129.4264516129032,119.21774193548387,111.75032258064515,114.20451612903226,103.24354838709678,113.27612903225807,107.00290322580646,107.73032258064515,94.88774193548387,123.93612903225807,117.18548387096774,152.7116129032258
2025-01-01,110.15322580645162,67.47096774193548,73.33806451612904,68.5941935483871,76.66096774193548,87.51096774193549,118.41774193548386,165.8832258064516,90.28129032258065,99.51,94.54741935483872,126.1383870967742,135.7232258064516,130.61967741935484,82.1325806451613,74.85161290322581,91.89322580645161,106.91516129032257,109.46322580645162,108.49193548387096,87.16,94.48032258064515,99.77225806451614,85.82290322580646,131.80967741935484,119.5525806451613,185.66645161290322,186.5767741935484,121.97032258064516,150.8925806451613,135.85096774193548,103.69580645161291,150.1093548387097,154.28290322580648,125.33064516129032,115.82064516129033,129.22387096774193,120.42935483870967,112.54838709677419,117.99483870967742,105.4816129032258,116.42290322580645,105.95935483870967,107.39,92.32903225806452,119.26064516129033,113.71709677419355,152.68064516129033
2025-02-01,109.30357142857143,64.86749999999999,72.34607142857143,68.8875,72.18357142857143,82.9275,118.81035714285714,164.4675,89.62928571428571,98.74214285714287,95.51892857142857,121.75464285714285,136.94642857142858,128.9232142857143,79.7775,69.90214285714286,90.29214285714285,104.95107142857144,107.21142857142857,105.05392857142856,85.58464285714285,93.98428571428572,99.12678571428572,83.85071428571429,130.9267857142857,118.54071428571429,186.85607142857143,184.1967857142857,123.49035714285715,150.40321428571428,135.42749999999998,102.42964285714287,143.91357142857143,154.02821428571428,124.08571428571429,113.63428571428572,126.80392857142859,120.14357142857143,112.10071428571429,114.16142857142857,109.99,119.06392857142858,105.505,106.34142857142857,93.41321428571429,118.44821428571429,111.19214285714285,154.44892857142855
2025-03-01,107.76193548387097,62.32225806451613,70.65774193548387,67.27516129032259,67.82096774193548,77.62838709677419,118.41,160.79483870967744,88.21387096774194,95.02225806451614,94.88322580645162,121.30096774193548,136.80161290322582,125.45870967741936,77.38774193548387,67.49935483870968,88.63935483870968,103.56225806451613,104.37838709677419,102.63354838709677,84.15290322580644,93.28774193548388,98.85354838709678,82.0383870967742,130.50516129032258,117.16032258064516,187.1058064516129,180.22064516129032,125.2958064516129,144.45129032258063,133.54935483870966,100.05709677419355,140.59935483870967,151.3432258064516,121.24645161290321,109.28677419354838,122.27129032258064,118.40806451612903,110.05935483870968,108.66290322580646,109.00419354838711,115.97870967741936,103.00129032258064,104.08806451612904,93.15709677419355,115.15387096774194,108.58129032258064,149.88451612903225
2025-04-01,106.76066666666667,63.553,70.09833333333333,66.96266666666666,66.78233333333334,74.46499999999999,117.06400000000001,155.826,88.67833333333333,91.58766666666666,94.65666666666667,96.985,130.94166666666666,124.18599999999999,75.69166666666666,65.489,87.06866666666666,101.986,102.95599999999999,99.09066666666666,83.358,94.60266666666666,95.96433333333333,79.83466666666666,132.12866666666667,116.597,187.547,179.21233333333333,127.813,139.17233333333334,133.313,98.50833333333334,136.80733333333333,149.56033333333335,120.27933333333334,107.73366666666668,119.643,116.65333333333334,109.73933333333333,103.25833333333334,98.13366666666666,110.63666666666667,99.693,103.25233333333334,90.84033333333333,114.86033333333333,105.08666666666666,152.47899999999998
2025-05-01,105.88645161290323,62.690322580645166,68.41290322580646,62.7658064516129,63.68483870967742,71.13483870967741,115.28225806451613,151.88258064516128,85.93516129032257,89.91354838709678,93.53806451612903,98.76870967741935,126.46774193548387,122.12483870967742,74.58935483870968,62.87129032258064,84.3167741935484,101.22709677419354,99.34322580645161,99.46419354838709,82.02064516129032,93.35161290322581,94.40741935483871,77.42354838709677,131.57,116.64741935483872,188.9016129032258,182.24677419354836,129.0990322580645,141.25064516129035,130.5341935483871,97.39387096774193,137.9232258064516,149.78193548387097,116.74870967741936,107.6983870967742,118.75645161290322,115.70967741935483,108.97645161290322,103.97838709677418,96.65806451612903,110.18870967741935,98.07548387096774,102.88064516129032,86.05548387096773,114.94129032258064,107.5667741935484,149.57387096774193
2025-06-01,105.30233333333334,65.37433333333334,68.64666666666668,64.85733333333333,64.93833333333333,70.796,117.20466666666667,147.89166666666668,89.30533333333332,89.857,96.55633333333334,101.57133333333333,125.664,121.53299999999999,74.98,63.56366666666667,84.354,100.591,99.554,98.79433333333333,82.89066666666666,93.61933333333333,94.24766666666666,77.45033333333332,129.72366666666667,115.548,188.72066666666666,180.55166666666668,128.96200000000002,140.429,129.76566666666665,96.914,139.31233333333333,147.109,114.88133333333333,109.99566666666666,120.642,115.826,110.02,107.24533333333333,95.97266666666665,106.19433333333333,98.19066666666666,101.50466666666667,85.28633333333333,112.83099999999999,107.12333333333332,147.95466666666667
2025-07-01,104.30516129032259,65.45451612903226,,,,70.90870967741935,118.45129032258063,150.44,90.88354838709677,88.31354838709677,97.3916129032258,106.06516129032258,124.0341935483871,119.5725806451613,74.7709677419355,65.21741935483871,84.72290322580645,99.98806451612903,99.32354838709678,96.72096774193548,84.31387096774193,93.2709677419355,94.11451612903227,77.14064516129032,124.68193548387096,115.22419354838709,188.36516129032256,181.66387096774193,126.76129032258065,137.34516129032258,130.2751612903226,96.43806451612903,145.11193548387098,147.6683870967742,114.48612903225806,107.11225806451613,121.6174193548387,115.94999999999999,110.68645161290323,107.25612903225807,96.50225806451614,98.50193548387097,99.43032258064517,99.27935483870968,87.25096774193547,113.30000000000001,104.21032258064515,147.6258064516129
2025-08-01,104.76548387096774,66.15741935483871,,,,70.47096774193548,119.4616129032258,153.2393548387097,91.41225806451614,88.48935483870967,97.01096774193549,112.93935483870968,122.99774193548386,119.44483870967741,77.31935483870969,62.541935483870965,86.30419354838709,101.54516129032258,100.24645161290321,96.70483870967742,85.72806451612904,93.10935483870968,91.24935483870968,77.61387096774195,119.54967741935484,115.36580645161291,189.66032258064516,182.43193548387097,124.67645161290322,138.09129032258065,131.73516129032257,95.76935483870967,144.1051612903226,150.60387096774195,112.8225806451613,98.55548387096773,122.48548387096774,115.72516129032257,111.4625806451613,108.80774193548388,98.67225806451613,95.1832258064516,99.01774193548388,101.86290322580645,88.89129032258064,114.78290322580645,101.86354838709677,144.80935483870968
2025-09-01,102.79733333333334,64.76033333333334,,,,69.43299999999999,118.10666666666665,153.26033333333334,90.35933333333334,87.70033333333335,96.21833333333333,110.34166666666667,120.26700000000001,119.84733333333334,77.72399999999999,62.97966666666666,85.05766666666666,98.06466666666667,99.54266666666668,95.22033333333334,88.97333333333334,91.341,87.86433333333333,77.09933333333333,119.17666666666668,114.23066666666666,185.722,181.94766666666666,123.33566666666667,136.60600000000002,129.97533333333334,94.53433333333332,145.77100000000002,149.14533333333333,112.06333333333333,96.977,122.80099999999999,113.49199999999999,110.92666666666668,114.78666666666666,98.06966666666668,90.77033333333334,99.60933333333332,101.41233333333334,89.21533333333333,114.954,,142.52233333333334
2025-10-01,100.95322580645161,64.93612903225807,,,,69.8167741935484,114.64741935483872,152.68645161290323,89.55967741935484,88.13612903225805,95.65935483870967,110.98096774193547,120.78516129032259,120.55322580645162,77.88387096774194,64.72967741935484,84.25290322580646,96.40870967741935,100.63580645161291,94.69129032258064,87.91193548387096,91.04677419354839,85.64548387096775,78.5009677419355,118.30645161290323,112.58225806451614,185.08935483870965,183.39096774193547,118.20806451612903,137.2364516129032,127.92354838709677,94.70258064516128,147.10612903225805,148.88483870967744,111.47032258064516,95.26806451612903,121.36935483870967,113.14870967741936,110.1716129032258,111.34870967741935,97.4574193548387,87.46000000000001,99.29483870967742,98.95548387096774,88.70032258064516,113.83129032258064,,141.52774193548387
2025-11-01,101.34166666666667,66.234,,,,69.74966666666666,115.749,151.5546666666667,89.15799999999999,87.71666666666667,96.02633333333333,109.84366666666666,121.65833333333333,120.494,78.50566666666667,65.24133333333333,86.58166666666666,97.942,101.64233333333333,94.81333333333333,87.79066666666667,92.01533333333333,86.44733333333333,79.86133333333333,117.19366666666666,110.91566666666668,185.16366666666667,184.71166666666667,112.205,132.928,126.95633333333333,95.396,145.94233333333335,149.58233333333334,111.08166666666666,97.59566666666666,126.02133333333333,114.21033333333334,111.34633333333333,112.091,99.62066666666666,86.47266666666665,97.72166666666666,98.82199999999999,88.47366666666667,113.76033333333334,,145.168
2025-12-01,102.90483870967742,66.94677419354838,,,,71.14677419354838,119.47225806451613,150.2890322580645,91.32225806451612,89.38677419354838,98.15129032258065,111.42225806451613,125.67387096774193,120.26064516129033,79.61,67.56064516129032,87.48677419354838,100.06774193548387,104.01161290322581,95.8258064516129,90.45483870967742,96.07387096774194,87.9758064516129,80.83935483870968,117.98129032258065,110.23193548387097,185.7167741935484,186.33870967741936,122.78193548387097,132.00096774193548,126.09967741935485,93.99838709677418,146.88483870967744,150.4883870967742,111.09,101.73129032258065,132.90258064516127,116.9874193548387,113.48709677419355,108.25258064516129,101.58387096774193,84.70645161290322,99.17677419354838,99.18516129032257,90.76741935483871,114.93193548387096,,149.3906451612903
2026-01-01,103.26774193548388,68.13903225806452,,,,71.81967741935483,121.57677419354839,150.21225806451613,92.39806451612904,91.83741935483872,101.03516129032259,112.80612903225806,127.32322580645162,122.32516129032258,79.28129032258066,67.20903225806451,87.9616129032258,101.16806451612904,105.52064516129032,96.68741935483871,91.72032258064516,98.15129032258065,86.98354838709677,82.78935483870967,117.54129032258065,109.04161290322581,185.0435483870968,185.79612903225808,126.44032258064516,134.8125806451613,125.97806451612904,91.91096774193548,145.78838709677422,146.23354838709676,109.9932258064516,101.5058064516129,139.01000000000002,118.2567741935484,114.92,107.6416129032258,102.02483870967743,82.7116129032258,97.97,99.47709677419354,87.58612903225807,114.13516129032259,,151.0267741935484
2026-02-01,104.57428571428571,70.28392857142858,,,,73.925,125.88571428571429,147.5425,95.96428571428571,94.29107142857143,103.65285714285714,116.52285714285713,133.2725,123.50750000000001,76.76892857142857,67.27357142857143,90.30178571428571,101.41928571428572,106.72,98.99428571428572,92.79821428571428,98.57964285714286,86.31107142857142,85.90892857142856,118.81928571428571,109.03535714285714,183.08214285714286,188.80678571428572,125.36107142857144,140.16964285714286,125.49821428571428,92.97607142857143,148.54296296296295,149.27142857142857,111.56178571428572,105.18571428571428,135.74571428571429,118.52714285714285,117.75892857142857,108.55571428571429,104.89999999999999,80.82964285714286,101.81285714285715,100.89464285714287,90.83535714285713,116.05999999999999,,151.71142857142857
2026-03-01,103.86322580645162,71.55806451612904,,,,76.51225806451613,128.03645161290322,142.90870967741935,98.90838709677419,92.39903225806451,102.35129032258064,117.47,134.0109677419355,121.65903225806451,74.86903225806452,65.14387096774193,91.30225806451612,100.9109677419355,106.76903225806453,98.12193548387096,91.08032258064516,97.12064516129031,88.47741935483872,86.98387096774194,121.90483870967742,105.7290322580645,183.40548387096774,183.26000000000002,124.94548387096773,131.95064516129034,124.05967741935484,92.3625806451613,,143.13258064516128,109.14645161290322,100.06806451612904,128.03935483870967,116.77161290322582,116.44999999999999,109.7958064516129,105.85870967741936,77.32064516129033,101.37741935483871,97.79935483870969,91.00225806451614,114.6458064516129,,148.534
2026-04-01,102.68,72.82233333333333,,,,77.85100000000001,125.66666666666667,139.44033333333334,99.88066666666667,87.66833333333334,102.407,98.58500000000001,129.06366666666665,118.766,74.09899999999999,62.33433333333333,90.76766666666667,100.683,106.62533333333334,93.393,90.18866666666666,93.93833333333333,90.14933333333333,84.06400000000001,123.062,104.078,184.26266666666666,169.7023333333333,131.858,117.68533333333333,122.17466666666665,90.959,,135.035,104.34233333333333,91.92633333333333,121.328,114.63066666666667,113.907,107.05633333333334,106.9,76.22600000000001,100.655,97.08766666666666,88.81,114.25733333333332,,
2026-05-01,101.94225806451612,74.14935483870968,,,,78.12193548387097,129.5932258064516,140.1077419354839,103.18838709677419,89.8025806451613,102.90935483870967,95.84387096774194,124.96870967741935,117.46612903225805,75.82774193548387,62.84096774193548,92.07645161290323,100.82935483870968,106.97354838709677,94.28774193548388,88.77322580645162,92.42612903225806,89.10096774193549,83.55806451612904,120.60612903225807,101.73645161290322,180.46387096774194,166.36516129032256,132.11451612903227,114.36419354838709,119.66838709677418,90.15451612903226,,134.4848387096774,102.02516129032257,90.56870967741936,119.51,113.1983870967742,115.18064516129031,107.91516129032257,106.88903225806452,79.78225806451613,99.39967741935483,95.20225806451613,85.4483870967742,112.17258064516129,,
2026-06-01,100.76833333333335,73.15866666666668,,,,77.139,130.95,142.51166666666668,105.45,89.81066666666668,100.597,92.03466666666667,126.339,115.816,74.05300000000001,64.315,92.56933333333333,98.91333333333334,108.06366666666666,93.60966666666667,87.64066666666666,90.519,88.43333333333334,81.68566666666668,116.55166666666668,101.58366666666666,178.19666666666666,166.665,132.98333333333332,114.00966666666666,118.83200000000001,90.88366666666667,,136.92933333333335,101.49066666666666,90.039,117.887,111.805,114.27666666666667,105.91133333333333,106.17433333333334,82.07833333333333,96.48033333333333,93.98433333333332,82.595,110.44133333333333,,
2026-07-01,101.59193548387097,75.01483870967742,,,,78.33548387096775,136.9535483870968,144.26548387096773,112.31967741935483,89.06290322580645,105.43129032258064,92.23548387096774,127.77741935483871,117.76483870967742,74.72354838709677,66.71774193548387,94.23096774193547,100.0374193548387,110.68870967741935,94.88580645161291,88.36322580645161,90.8258064516129,89.02677419354839,81.42709677419354,114.26096774193549,102.51774193548388,181.90516129032258,170.31225806451613,137.42193548387095,114.6690322580645,118.99129032258064,89.28032258064516,,144.4348387096774,103.02645161290323,90.06225806451613,119.26451612903226,112.78129032258065,117.59548387096774,110.58806451612904,109.22322580645161,84.55806451612904,97.98096774193547,93.33483870967743,84.76645161290323,113.01612903225806,,
2026-08-01,101.88354838709677,74.39322580645161,,,,79.06225806451613,138.97,146.54451612903227,114.24290322580646,90.22838709677418,102.78322580645163,92.09129032258065,124.81354838709677,119.55774193548388,76.47322580645161,71.84774193548388,94.29354838709678,101.2925806451613,112.58516129032257,95.03677419354838,87.80290322580645,89.82612903225807,86.42645161290322,82.05935483870968,109.17612903225806,104.17935483870967,183.43,175.62,130.6509677419355,118.6325806451613,119.6974193548387,86.93806451612903,,149.97838709677418,104.52580645161291,87.82709677419355,121.79967741935484,112.77,120.7641935483871,115.23870967741935,108.15225806451612,82.96612903225805,99.98806451612903,94.02967741935484,85.58935483870968,115.36419354838709,,
2026-09-01,,,,,,,,,,,,,,,,,,,,,,,,,,,,,,,,,,,,,,,,,,,,,,,,
